Workbook

Sheet Plan de auditoría
A1: AUDITORÍA DE SEGURIDAD DEL TRANSPORTE · DADA 2026
A2: Tablero de evidencias, responsables y avance · 83 puntos de auditoría
A4: N.º | B4: Categoría | C4: Punto de auditoría | D4: Pregunta original (Question) | E4: Documentación / evidencia a presentar | F4: Departamento responsable | G4: Responsable asignado | H4: Estado | I4: % cumplimiento | J4: Fecha objetivo | K4: Próximo paso | L4: Observaciones
A5: 1 | B5: Normativa | C5: N-00 – Subcontratación | D5: El sistema de gestion de seguridad, es aplicado bajo los mismos estandares y requerimientos al personal subcontratado o equipos subcontratados? | E5: Matriz que demuestre que los subcontratados cumplen las mismas políticas, capacitaciones, sanciones, controles, mantenimiento y tecnología. Contratos y evaluaciones de proveedores. | F5: Contrataciones | H5: Pendiente | I5: 0
A6: 2 | B6: Normativa | C6: N-1 – Gestión legal | D6: La empresa ha identificado todos los requerimientos legales, posee una matriz legal de seguimiento y se cuantifican sus resultados y se posee un plan de accion de adecuacion Realiza auditorias internas de verificacion | E6: Matriz legal actualizada, porcentaje de cumplimiento, vencimientos, responsables, desvíos, planes de adecuación y calendario de auditorías internas. | F6: Seguridad e Higiene | H6: Pendiente | I6: 0
A7: 3 | B7: Normativa | C7: N-2 – Certificaciones ISO | D7: ¿La compañía cuenta con certificaciones ISO vigentes? ¿Qué normas ISO específicas ha obtenido la compañía? ¿Con qué frecuencia se realizan auditorías internas y externas para mantener las certificaciones ISO? | E7: Certificados vigentes, alcance, vencimientos, informes de auditorías internas y externas y seguimiento de hallazgos. | F7: Calidad | H7: Pendiente | I7: 0
A8: 4 | B8: Normativa | C8: N-3 – ISO 39001 | D8: Posee Certificacion de norma ISO 39001? Se encuentra vigente la certificacion? | E8: Certificado vigente o, si no existe, diagnóstico de brecha, sistema equivalente implementado y plan de certificación. | F8: Calidad | H8: Pendiente | I8: 0
A9: 5 | B9: Normativa | C9: N-4 – Política de Seguridad y Salud | D9: La compañía tiene una politica de seguridad firmada por la alta gerencia y fue comunicada a todos los colaboradores | E9: Política firmada por Dirección, versión vigente y evidencias de difusión: cartelería, plataforma, inducciones y acuses de lectura. | F9: Seguridad e Higiene | H9: Pendiente | I9: 0
A10: 6 | B10: Normativa | C10: N-5 – Responsable de Seguridad | D10: Tiene el lugar un lider de seguridad (representante) que lidera todas las actividades y tiene responsabilidades definidas. Posee titulo con incumbencia en seguridad | E10: Designación formal, título habilitante, organigrama, descripción del puesto y evidencias de acciones lideradas. | F10: Dirección | H10: Pendiente | I10: 0
A11: 7 | B11: Normativa | C11: N-6 – Manual de Conducción Segura | D11: Internamente define un manual con normas de manejo para conductor de camion? Posee toda la informacion necesaria para conocimiento de seguridad de conductor? Este es entregado? | E11: Manual vigente, control de versiones, contenidos, registros de entrega y comprobación de lectura de los conductores. | F11: Seguridad e Higiene | H11: Pendiente | I11: 0
A12: 8 | B12: Normativa | C12: N-7 – Plan ante emergencias | D12: Forma de actuar en caso de accidente, incidentes, emergencia en ruta, somnolencia, perdida de carga, deterioro de unidad, situaciones personales de conductores | E12: Procedimientos para accidentes, somnolencia, pérdida de carga, averías y emergencias; contactos, simulacros, registros y mejoras posteriores. | F12: Seguridad e Higiene | H12: Pendiente | I12: 0
A13: 9 | B13: Normativa | C13: N-8 – Jornada de trabajo | D13: ¿La empresa cuenta con un sistema de control y registro de la jornada laboral de los conductores, incluyendo tiempos de conducción y descanso? ¿Se respetan los tiempos máximos de conducción y los períodos mínimos de descanso establecidos por la normativa vigente? ¿Existe un procedimiento documentado para la planificación de turnos y asignación de viajes que garantice el cumplimiento de los límites de jornada laboral? | E13: Procedimiento, planificación de turnos, horas conducidas, descansos, excesos, autorizaciones de horas extra, alertas e indicadores. | F13: Tráfico | H13: Pendiente | I13: 0
A14: 10 | B14: Normativa | C14: N-9 – Evaluaciones médicas | D14: Realizacion de evaluacion medica pre ocupacional. Periodica, por cambio de operaciones ( ej personal de mantenimiento que pasa a conductor de camion), por cese de actividad, etc | E14: Procedimiento, cronograma, aptitudes médicas vigentes y controles de sueño, audición, visión y condición física. Presentar los datos sensibles anonimizados. | F14: RRHH | H14: Pendiente | I14: 0
A15: 11 | B15: Normativa | C15: N-10 – Comité de Seguridad | D15: Existen reuniones regulares en piso en la cual se involucre la Alta y la Gerencia media en la cual los colaboradores un representande, puedan direccionar inquietudes de seguridad a través de comunicacion de dos vias? Se involucran areas de operación, ing, calidad, serv medico, sindicato? | E15: Calendario, conformación, minutas, asistentes, temas tratados, compromisos, responsables y evidencias de cierre. | F15: Seguridad e Higiene | H15: Pendiente | I15: 0
A16: 12 | B16: Normativa | C16: N-11 – Reducción de siniestralidad | D16: Aplica para empresas que por su alta siniestralidad su ART (ARG) o su aseguradora los involucra dentro de un plan de mejora evidencias si se encuentran dentro o no, ver motivo, revision de plan y acciones de mejora en GG | E16: Constancia ante ART o aseguradora, plan de reducción, metas, seguimiento y acciones aplicadas a conducción o mantenimiento. | F16: Seguridad e Higiene | H16: Pendiente | I16: 0
... A87: 83 | B87: Máquina | C87: M 82 – Visualización del entorno | D87: A empresa dispõe de sistemas ou tecnologias para melhorar a visibilidade do entorno durante a condução, como câmeras de ré, câmeras laterais ou sensores de proximidade? Garante-se que os motoristas tenham uma visibilidade adequada do entorno, tanto em áreas de trabalho quanto na via, por meio de espelhos retrovisores, limpadores de para-brisa e outras ferramentas de apoio? Isso é auditado e verificado em todas as unidades? | E87: Inventario y demostración de cámaras, espejos y sensores; mantenimiento, auditorías y cobertura de flota. | F87: Mantenimiento | H87: Pendiente | I87: 0

Sheet Resumen
A1: RESUMEN EJECUTIVO · RESPONSABLES DE AUDITORÍA
A3: Indicador | B3: Valor
A4: Total de puntos | B4: =COUNTA('Plan de auditoría'!$A$5:$A$87) -> 83
A5: Departamentos | B5: 10
A6: Completos | B6: =COUNTIF('Plan de auditoría'!$H$5:$H$87,"Completo") -> 0
A7: En curso | B7: =COUNTIF('Plan de auditoría'!$H$5:$H$87,"En curso") -> 0
A8: Bloqueados | B8: =COUNTIF('Plan de auditoría'!$H$5:$H$87,"Bloqueado") -> 0
A9: Avance general | B9: =AVERAGE('Plan de auditoría'!$I$5:$I$87) -> 0
A12: Departamento responsable | B12: Puntos | C12: Avance promedio | D12: Completos
A13: Seguridad e Higiene | B13: =COUNTIF('Plan de auditoría'!$F$5:$F$87,A13) -> 27 | C13: =IFERROR(AVERAGEIF('Plan de auditoría'!$F$5:$F$87,A13,'Plan de auditoría'!$I$5:$I$87),0) -> 0 | D13: =COUNTIFS('Plan de auditoría'!$F$5:$F$87,A13,'Plan de auditoría'!$H$5:$H$87,"Completo") -> 0
A14: RRHH | B14: =COUNTIF('Plan de auditoría'!$F$5:$F$87,A14) -> 16 | C14: =IFERROR(AVERAGEIF('Plan de auditoría'!$F$5:$F$87,A14,'Plan de auditoría'!$I$5:$I$87),0) -> 0 | D14: =COUNTIFS('Plan de auditoría'!$F$5:$F$87,A14,'Plan de auditoría'!$H$5:$H$87,"Completo") -> 0
A15: Tráfico | B15: =COUNTIF('Plan de auditoría'!$F$5:$F$87,A15) -> 11 | C15: =IFERROR(AVERAGEIF('Plan de auditoría'!$F$5:$F$87,A15,'Plan de auditoría'!$I$5:$I$87),0) -> 0 | D15: =COUNTIFS('Plan de auditoría'!$F$5:$F$87,A15,'Plan de auditoría'!$H$5:$H$87,"Completo") -> 0
A16: Mantenimiento | B16: =COUNTIF('Plan de auditoría'!$F$5:$F$87,A16) -> 10 | C16: =IFERROR(AVERAGEIF('Plan de auditoría'!$F$5:$F$87,A16,'Plan de auditoría'!$I$5:$I$87),0) -> 0 | D16: =COUNTIFS('Plan de auditoría'!$F$5:$F$87,A16,'Plan de auditoría'!$H$5:$H$87,"Completo") -> 0
A17: Seguimiento | B17: =COUNTIF('Plan de auditoría'!$F$5:$F$87,A17) -> 10 | C17: =IFERROR(AVERAGEIF('Plan de auditoría'!$F$5:$F$87,A17,'Plan de auditoría'!$I$5:$I$87),0) -> 0 | D17: =COUNTIFS('Plan de auditoría'!$F$5:$F$87,A17,'Plan de auditoría'!$H$5:$H$87,"Completo") -> 0
A18: Calidad | B18: =COUNTIF('Plan de auditoría'!$F$5:$F$87,A18) -> 4 | C18: =IFERROR(AVERAGEIF('Plan de auditoría'!$F$5:$F$87,A18,'Plan de auditoría'!$I$5:$I$87),0) -> 0 | D18: =COUNTIFS('Plan de auditoría'!$F$5:$F$87,A18,'Plan de auditoría'!$H$5:$H$87,"Completo") -> 0
A19: Dirección | B19: =COUNTIF('Plan de auditoría'!$F$5:$F$87,A19) -> 3 | C19: =IFERROR(AVERAGEIF('Plan de auditoría'!$F$5:$F$87,A19,'Plan de auditoría'!$I$5:$I$87),0) -> 0 | D19: =COUNTIFS('Plan de auditoría'!$F$5:$F$87,A19,'Plan de auditoría'!$H$5:$H$87,"Completo") -> 0
A20: Contrataciones | B20: =COUNTIF('Plan de auditoría'!$F$5:$F$87,A20) -> 2 | C20: =IFERROR(AVERAGEIF('Plan de auditoría'!$F$5:$F$87,A20,'Plan de auditoría'!$I$5:$I$87),0) -> 0 | D20: =COUNTIFS('Plan de auditoría'!$F$5:$F$87,A20,'Plan de auditoría'!$H$5:$H$87,"Completo") -> 0
